{"cameraMode":{"drawMode":0,"name":"Shaded","section":"Shading Mode"},"sceneLighting":true,"audioPlay":false,"sceneViewState":{"m_AlwaysRefresh":false,"showFog":true,"showSkybox":true,"showFlares":true,"showImageEffects":true,"showParticleSystems":true,"showVisualEffectGraphs":true,"m_FxEnabled":true},"in2DMode":false,"pivot":{"x":458.6861572265625,"y":239.49197387695313,"z":-64.45719146728516},"rotation":{"x":0.002989409491419792,"y":0.08838589489459992,"z":-0.00026141077978536487,"w":0.996092677116394},"size":298.008056640625,"orthographic":true}